"curve_x","curve_y","curve_z"
-5.17254107102181,-2.06742228212683,-1.46316328355719
-5.01489186275669,-1.99757311598476,-1.39936944079272
-4.85724265449156,-1.92772394984269,-1.33557559802826
-4.69959344622643,-1.85787478370061,-1.2717817552638
-4.54194423796131,-1.78802561755854,-1.20798791249934
-4.38429502969618,-1.71817645141647,-1.14419406973487
-4.22662214691933,-1.64836797412954,-1.08041420177477
-4.06893399315578,-1.57858908963604,-1.01663970363774
-3.91123173749301,-1.50883921259322,-0.952868344439384
-3.75351235966026,-1.43912545159365,-0.889099838000836
-3.59577451103812,-1.36945307685935,-0.82533178635252
-3.43801800853152,-1.29983675294531,-0.761548664682545
-3.28024441848008,-1.23030317875559,-0.697717563915328
-3.1224576786788,-1.16087967641923,-0.633799232078491
-2.96465967702791,-1.09160259302467,-0.569750016019126
-2.80685028087966,-1.02251126854311,-0.505528522040221
-2.64902475349738,-0.953651800683734,-0.441098089837373
-2.4911713082754,-0.885081469845378,-0.376428266220786
-2.33327097106492,-0.816877721962398,-0.311486044830178
-2.17529742221525,-0.749144026558643,-0.246231012076087
-2.01721481220575,-0.682018102150388,-0.18061357346454
-1.85897433312913,-0.615685468097139,-0.114571948707657
-1.70051184258315,-0.550390250350731,-0.0480312049894188
-1.54174770959715,-0.486441288059892,0.019095116123732
-1.382584469905,-0.424214074198387,0.0868922785952035
-1.22288138045834,-0.364253757592002,0.155459886878398
-1.06248593124167,-0.307211020988492,0.224893182327636
-0.901271456020345,-0.253710241231427,0.295236572409078
-0.7390971555801,-0.204587169791051,0.366549978497023
-0.575839531476299,-0.16083480573522,0.438867285305085
-0.411405017935473,-0.123636907013658,0.512161202767033
-0.245764559351386,-0.0943692320654536,0.58630869193619
-0.0789933904479099,-0.0745781577755458,0.661033817764838
0.0886820696014123,-0.0659916865372415,0.735849922637874
0.256817640639153,-0.070452289596218,0.8099997738094
0.424620431113207,-0.0906645489273399,0.882221540980768
0.590887858767748,-0.128281495256907,0.950804996245695
0.75421880692711,-0.183956654834861,1.01374036959149
0.913101147118921,-0.257883253008846,1.06860376825159
1.06617648040929,-0.349142867839291,1.11279891030823
1.21247715127296,-0.455720011440892,1.14381354552915
1.35154886174474,-0.574730014549167,1.15946777634913
1.48295673174698,-0.703133628321132,1.15703028517016
1.60723601287212,-0.836812860688716,1.13600697538642
1.7253847519466,-0.972116610667795,1.0975247888914
1.8382851981834,-1.10621737198825,1.04259323365017
1.94705842657766,-1.23674650742898,0.972716713450653
2.05294117014912,-1.36178765692392,0.889576130610173
2.15717425427631,-1.47979546827321,0.794841653386337
2.26095224354778,-1.58949671912375,0.690122424607409
2.36540201085219,-1.68981893166857,0.576982005494105
2.47159917915029,-1.77981849919258,0.456974935138392
2.58055113315633,-1.85865211452628,0.33167929599078
2.69315838434068,-1.92557298520875,0.202715865209851
2.81039556427298,-1.97935059150749,0.0717432326391368
2.93275105553581,-2.0197387168986,-0.0593289343242625
3.06046722191231,-2.04662762008376,-0.188696886134575
3.19362588700499,-2.05986349222615,-0.31461003117624
3.33205961442456,-2.059526901249,-0.435398178253734
3.47535183161241,-2.04599042655877,-0.549572383852188
3.62287851879372,-2.0199262516311,-0.655926005002949
3.77391703277473,-1.98223264944646,-0.753536211155604
3.92772783888395,-1.93404832262578,-0.841807134996658
4.08363370250762,-1.87655280284296,-0.920351612799203
4.24102283162488,-1.8110177023992,-0.989097413458328
4.39940508534093,-1.73843945253689,-1.04777604009146
4.55831776600624,-1.66041496613525,-1.09730067404179
4.71748397063282,-1.5780867017046,-1.13830356551689
4.87673258042497,-1.49243481896685,-1.171428169161
5.03597079763021,-1.40431539123769,-1.19736862626946
5.1951805124,-1.31448344187211,-1.21682567465671
5.35440718457388,-1.22361078221725,-1.23047901967656
5.5137442395488,-1.1322978609512,-1.23897338372348
5.67330735290381,-1.04106416583128,-1.2429020024534
5.83321872174469,-0.950352824145061,-1.24280657480097
5.99359984149079,-0.860544747406749,-1.23918235633031
6.15455970480058,-0.771952257274507,-1.23251133227396
6.316194265058,-0.684833979211445,-1.2232215211586
6.4786041712834,-0.599442658904573,-1.21168124264688
6.64188198690562,-0.515999716925797,-1.19829110351004
6.80608187366607,-0.434636389503432,-1.18346735130111
6.97125940461388,-0.355492183311052,-1.16754201097042
7.13746833381694,-0.278711781902839,-1.15080631530445
7.30474459994154,-0.204414620192109,-1.13351494406635
7.47309543099432,-0.132671017465133,-1.11587950501936
7.64251173939856,-0.0635228556879147,-1.09808629153006
7.81297121117624,0.00301353055854014,-1.0803015718329
7.98443032932908,0.0669681256745844,-1.06265508728131
8.1568355766352,0.128395082747294,-1.04524743547066
8.3301320601005,0.187358036381403,-1.02816926548345
8.50426078190262,0.243938226220554,-1.01149593797122
8.67916130802859,0.298225882074596,-0.995279948755376
8.85477547631305,0.350314837118092,-0.979560171547021
9.03104382878666,0.400307215934484,-0.964363457874163
9.20791268685273,0.44829983099884,-0.94969977282308
9.38533057065291,0.494390534393295,-0.935570176830939
9.56324739489373,0.53868277242716,-0.921965471913968
9.74161699441595,0.581275857804264,-0.908867699576796
9.92040151407258,0.622249399772157,-0.896264031154919
10.099568259407,0.661672400725778,-0.884145819604674
10.279056516181,0.699741866992833,-0.872464312112313
10.4588673603692,0.736405564024182,-0.861254187922953
10.6389608954498,0.771792887602098,-0.850492166887554
10.8192942478934,0.806063492429269,-0.840141282098976
10.9998518513809,0.839260663603321,-0.830206567064928
11.1806086169542,0.87147711397448,-0.820675703848864
11.361535418505,0.902836694375604,-0.811521748685828
11.542617913358,0.933396005153484,-0.802743922619124
11.7238335867121,0.963255452613638,-0.794317317488272
11.905164684211,0.992501170378463,-0.786222472230003
12.0865937013158,1.02121975073457,-0.778439671168676
12.2681031562292,1.04950343473457,-0.770946013490066
12.4496777707856,1.07743756653924,-0.763724472957379
12.6313009598842,1.10511722104857,-0.756748318800267
12.8129573269393,1.13263365477077,-0.749992837206178
12.9946333385793,1.16007028655589,-0.743443856267931
13.1763144783699,1.18751664054453,-0.737080527795466
13.357986710039,1.21505888559344,-0.730879864875306
13.5396405630405,1.24275534306252,-0.724829158060424
13.7212737918735,1.27061735546743,-0.718920849163106
13.9028883167079,1.29862702729734,-0.713137100782446
14.0844822354644,1.32679690022557,-0.707485917769525
14.2660563597535,1.35511824794731,-0.701957168463308
14.4476118753295,1.3835800003563,-0.696539224284212
14.6291474919965,1.41218971701926,-0.691235056595842
14.8106635084797,1.44094313601645,-0.686037967935913
14.9921568245829,1.46986029084114,-0.680958157161585
15.1736361398408,1.49887702673528,-0.675946806935462
15.3550990385315,1.52800953819185,-0.671013229880131
15.53654939545,1.55722988048901,-0.666137491762399
15.7179773629279,1.58660452035795,-0.661356935917022
15.8993637621745,1.61625816465386,-0.656725317436405
16.0807402066848,1.64597830625421,-0.652128382361522
16.2621166511951,1.67569844785455,-0.647531447286639
16.4434930957054,1.7054185894549,-0.642934512211756
16.6248593713147,1.73520421979746,-0.63836284208867
16.8061783834236,1.76529423182493,-0.63390859960791
16.9874973955324,1.79538424385241,-0.62945435712715
17.1688164076413,1.82547425587988,-0.62500011464639
17.3501283775277,1.85560838990942,-0.620557879000426
17.5314143304493,1.88590319808666,-0.616146909425562
17.7126837571047,1.91629864285812,-0.611748597339287
17.8939249383966,1.9468551079986,-0.60730424114131
18.0751476089716,1.97751666193811,-0.602826961646182
18.2563702795467,2.00817821587762,-0.598349682151054
18.4375929501218,2.03883976981713,-0.593872402655926
18.6188156206968,2.06950132375663,-0.589395123160798
18.8000382912719,2.10016287769614,-0.58491784366567
18.981260961847,2.13082443163565,-0.580440564170542
19.1624748308269,2.16153298081096,-0.575929329476681
-4.82576968234298,-1.81214697071539,-1.40389826403775
-4.65684156204175,-1.73584023210931,-1.33965371302595
-4.48791257167484,-1.65953457405285,-1.27541016658104
-4.31896438943075,-1.58325145403511,-1.21119032853909
-4.14999519025335,-1.50699224794305,-1.14699739141542
-3.98099225983664,-1.43077107687049,-1.08284809200248
-3.81194891291782,-1.35459526544094,-1.01875143654012
-3.64285637965391,-1.27847465710002,-0.95471897337564
-3.47370543875479,-1.20242068341105,-0.890761640303411
-3.30448361725613,-1.12645222278112,-0.8268902224833
-3.13517425171344,-1.05059572500695,-0.763117806820838
-2.96576969804378,-0.974873439084603,-0.699438750484746
-2.79626978537018,-0.899308612833487,-0.635826472276107
-2.62667572372673,-0.823935963115076,-0.572237167790502
-2.45699283146002,-0.748802054293651,-0.508602399645187
-2.28722961149434,-0.673972768411934,-0.444823278198587
-2.11739161327653,-0.599547836204334,-0.380771136005013
-1.94747706753548,-0.525667685347553,-0.316293526084286
-1.77747014092322,-0.452527180841488,-0.251220195443672
-1.60733453630451,-0.380394762396115,-0.185364408607065
-1.43701368401557,-0.309625474324162,-0.11851803049944
-1.26643346496485,-0.240677812367886,-0.0504423633605666
-1.09549987873924,-0.174148567403792,0.0191368324873814
-0.924099558026378,-0.110789347298786,0.0905075329325199
-0.752100775529924,-0.0516231222880955,0.164009690468147
-0.579394175206639,0.00222685639350832,0.239895504236303
-0.405924696187602,0.0495641746910954,0.318327750242018
-0.231676756755261,0.0888329042189136,0.399428793521731
-0.0567382690186199,0.118219979026109,0.483170543410321
0.118638172985679,0.13567955758716,0.569298152757593
0.293916892441375,0.138206236064079,0.657298090392198
0.468155979047531,0.123446869424269,0.746041914167934
0.640041808669525,0.0892875937971472,0.833854499228667
0.807930586387396,0.0340450807608622,0.918441660625994
0.970056274039538,-0.0429422613276043,0.99694772206361
1.12480730555614,-0.141081584687472,1.06620661405051
1.2710291755671,-0.258511506034102,1.12302951396889
1.40797892107594,-0.392634603673258,1.16406787969489
1.53518247253408,-0.540271488110371,1.18537463910116
1.65424556335247,-0.695925998972616,1.18707781584595
1.76618365012082,-0.855716603500337,1.16871722328837
1.87229433755727,-1.01607109145666,1.13085395201371
1.97408569812616,-1.17395436583322,1.07489683092556
2.07316883044036,-1.3269157221314,1.00265402957599
2.17114497600511,-1.47299272518682,0.9160052541612
2.26951023032736,-1.61060573702663,0.816793084186474
2.36964614304372,-1.73844307385326,0.706813283292063
2.47282758975687,-1.85537533318853,0.587841552750484
2.58040881639992,-1.95993866343152,0.461475423371548
2.69338759276489,-2.05144168859078,0.329827892549765
2.81251907034712,-2.12935353719373,0.194943306834316
2.93842011878825,-2.19304096039984,0.0587906509838409
3.07145853479808,-2.24198463541378,-0.0766319222376426
3.21169989098137,-2.27582552748319,-0.209347307107325
3.35887025962572,-2.29443719226343,-0.337478991325134
3.51238808452486,-2.29796353481758,-0.459324230427927
3.67142120846374,-2.2868613851442,-0.573435914114915
3.83496275860579,-2.26190007717788,-0.678710783993616
4.00195987295254,-2.22395941364772,-0.774313238424778
4.17142626663903,-2.17367441034408,-0.859303764456917
4.34223277190845,-2.11331384926267,-0.93444343426999
4.5136628809487,-2.04421229268076,-1.00001071440235
4.68517321926805,-1.9676513859477,-1.05645665991687
4.85638683963934,-1.88483335411297,-1.10434310092612
5.02706433038273,-1.79684363415051,-1.14429650345801
5.19707154742846,-1.70463608896,-1.17696903170814
5.3663475675709,-1.60901407280122,-1.20298805355446
5.53488619635871,-1.51066592520539,-1.22298005993822
5.70272712611643,-1.41018336210068,-1.2375415058186
5.86994436238536,-1.30807906258755,-1.24725016638378
6.03664142166891,-1.20480538923064,-1.25266058988813
6.20294473213173,-1.1007650406324,-1.25428878686702
6.36899718214769,-0.996321169841013,-1.25260944831801
6.53494833059214,-0.891799063232326,-1.2480502721841
6.70093891428164,-0.787475914745113,-1.2409971275418
6.86708990465793,-0.683574104481874,-1.2318009570694
7.03350104198398,-0.580266524159862,-1.22078046218006
7.20025525741976,-0.477691127308723,-1.20820641666368
7.36745973231116,-0.37603218198989,-1.19424529430125
7.53515448420938,-0.275337732200708,-1.17921821761186
7.70338727090282,-0.175683716349901,-1.16330255907461
7.8721957224583,-0.0771289527413922,-1.14665653163359
8.04159567713948,0.0202993636108566,-1.12940214874854
8.21157069652186,0.116632298046724,-1.11165938337474
8.38212417227065,0.211862671816674,-1.09352006255915
8.55325570094767,0.305990718421701,-1.07507310155476
8.72495636536975,0.399031563670956,-1.05640124845396
8.89721341748924,0.491006436722661,-1.03757185112795
9.07000775668381,0.581946734101805,-1.01863916813174
9.24331769353246,0.671885441703037,-0.99963148071156
9.4170991385289,0.760895479115265,-0.980555616008541
9.59130866046095,0.849051193765331,-0.961416013446114
9.76590504550836,0.936424929361029,-0.942214503397365
9.94084073257562,1.02310315197913,-0.922948430557157
10.1160629019062,1.10918546876195,-0.903614316005317
10.291516850766,1.19477782471763,-0.884207724924293
10.4671125648099,1.28006590995148,-0.864743154790125
10.6428445934108,1.36505523996913,-0.845202251634278
10.818657386019,1.44986255374735,-0.825596968616593
10.9945156081814,1.53456075522352,-0.805927498211743
11.1703832490619,1.61922719811573,-0.786205510042661
11.3462244389735,1.70393853734668,-0.766440578344716
11.5220003253909,1.78877358611348,-0.746625515223884
11.6976745286134,1.87380981418542,-0.726771307024773
11.8732087707926,1.95912681644949,-0.706883739021436
12.0485617018123,2.04480906229509,-0.68696769620006
12.2237130220151,2.13089765328432,-0.667030096153279
12.3986218515561,2.21747309181788,-0.647071711483264
12.573296528235,2.30451569815014,-0.627093653067294
12.7477407746811,2.39201456548856,-0.607095796373951
12.9219557563037,2.4799645499013,-0.587077710333498
13.0958435418345,2.56855297499702,-0.567029807146931
13.2697042593729,2.65719385919708,-0.546979372272163
13.4432447557457,2.74645329469421,-0.526898627467729
13.6165622724483,2.83613995445156,-0.506795994867242
13.7896553995671,2.92625363457691,-0.486670570147234
13.9624645728604,3.01690430828838,-0.466515285331121
14.1352324714501,3.10763245300942,-0.446355505354172
14.3077652786221,3.19880119187879,-0.426170025387102
14.4798989642808,3.29071094580614,-0.40593828136011
14.6519891964897,3.38270122739118,-0.385701419032368
14.8239489315398,3.47493124641072,-0.365448444808852
14.9957678540877,3.5674199532697,-0.345178085100604
15.167279283499,3.66046826874443,-0.324867851655657
15.3385365547615,3.75397665604375,-0.30452285057285
15.509765579339,3.84753550934826,-0.284173558537911
15.6804994924948,3.94197893709235,-0.263749054158283
15.8512334056505,4.03642236483645,-0.243324549778655
16.0219673188062,4.13086579258055,-0.222900045399027
16.1926995854689,4.22531213834224,-0.202475288580509
16.3631752299432,4.32021028355242,-0.182007387434177
16.5332430014849,4.41582316226814,-0.161466671010203
16.7033107730266,4.51143604098385,-0.140925954586229
16.8733227383812,4.60714445048557,-0.120372164066965
17.042596369309,4.70411676407851,-0.0996453989159856
17.2118700002368,4.80108907767145,-0.0789186337650066
17.3811436311646,4.89806139126439,-0.0581918686140276
17.5504172620924,4.99503370485732,-0.0374651034630486
17.7196908930202,5.09200601845026,-0.01673833831207
17.888964523948,5.1889783320432,0.00398842683890896
18.0582381548758,5.28595064563613,0.0247151919898879
18.2275117858036,5.38292295922907,0.0454419571408669
18.3967854167314,5.47989527282201,0.0661687222918459
18.5659963583,5.57697369330812,0.0869104978817526
18.7345907521106,5.67507152169308,0.107871781755885
18.9031140489693,5.7732867719097,0.128858767376082
19.071637345828,5.87150202212631,0.149845752996279
19.2401606426868,5.96971727234293,0.170832738616475
19.4086839395455,6.06793252255955,0.191819724236672
19.5772072364042,6.16614777277616,0.212806709856869
-5.85867764811197,-2.06737281738917,-1.22065236102861
-5.63878253925571,-1.96724297061491,-1.1619009564225
-5.41889115078241,-1.86710637078725,-1.10314713697173
-5.19899404764449,-1.76699055065628,-1.04437929729326
-4.97908139336974,-1.66692635948607,-0.985581731413211
-4.75915294719839,-1.56691335119507,-0.926756153946417
-4.53918437083906,-1.46702810197292,-0.867863603121981
-4.31917066254113,-1.36728542944791,-0.808898047209303
-4.09910140656464,-1.26771793087745,-0.749843818410712
-3.87895157596706,-1.16840815442092,-0.690656168112589
-3.65867967724692,-1.06949902436483,-0.631252462171305
-3.43825064883185,-0.971136549980376,-0.571525177461671
-3.21762910546544,-0.873499708666695,-0.511320784385173
-2.99677114888012,-0.776833607378542,-0.45042219078695
-2.77562619562566,-0.681465263912242,-0.388530006252369
-2.55413667941317,-0.58782052069521,-0.325258511758515
-2.33222678622123,-0.496477581739347,-0.260131233808944
-2.10977761970662,-0.408228685825714,-0.192635104442206
-1.88661404640571,-0.324143545512977,-0.122265129671463
-1.66253679641151,-0.245638303553569,-0.0484705699497392
-1.4373744353269,-0.17450903345843,0.029340497511655
-1.21104260923118,-0.112951325713911,0.111721070158595
-0.983620645480915,-0.0636029769205485,0.199089098506289
-0.755466002372419,-0.0294958501697312,0.29159502323519
-0.527318146203043,-0.0138888057046786,0.388902886323866
-0.300363153447116,-0.0200242334027963,0.489970444297893
-0.0762058989218857,-0.0506825331214278,0.592866054017821
0.14311915384166,-0.108684021114474,0.694408094445726
0.355937170605069,-0.193886892654981,0.790372411408863
0.561622698925266,-0.30333174622595,0.876674458880622
0.760194828877106,-0.433697569720309,0.949427508928498
0.952306020544601,-0.580955095353288,1.00530136335416
1.13896164418836,-0.740791100087912,1.04167866783792
1.32124475919186,-0.908887191115389,1.05674799868269
1.50013427397872,-1.08110815188915,1.04958315772964
1.67650247006795,-1.25359301126432,1.02021633560957
1.85124043229628,-1.42278814015234,0.969541887305347
2.02532989570389,-1.58546966338423,0.899078493473672
2.19976769147489,-1.73877916096305,0.810687463920756
2.37549677174065,-1.8801807624569,0.706396728409278
2.55338843164387,-2.00737471746811,0.588355168974102
2.73421498943543,-2.11819937254673,0.458803159877684
2.91859001693612,-2.21052860315386,0.320041606290967
3.10687108504942,-2.28223622984284,0.174442206342753
3.2993575445425,-2.32912535449428,0.0243439901864964
3.49529689320731,-2.34974936407768,-0.127030334105914
3.69342832980104,-2.34215415711872,-0.276579464865907
3.89177410325378,-2.30424054282635,-0.421044046958527
4.08750460819937,-2.23441816018696,-0.556994491709183
4.27582087000696,-2.12846986456064,-0.679280582937215
4.45216470782443,-1.98923204616292,-0.784800269441652
4.61330774896359,-1.82183954751539,-0.872149399460151
4.75615644663517,-1.63024876649419,-0.939723592227277
4.87702553700408,-1.4180216758202,-0.985222316359533
4.97913163376443,-1.19324854422875,-1.01267859794985
5.06377614838491,-0.959922117498131,-1.02356829008783
5.13287920900147,-0.721242439486877,-1.01953245075138
5.18868065536491,-0.479624805599224,-1.00224262112698
5.23347735769195,-0.23678675004431,-0.973299473293584
5.26928598619102,0.00609626257150469,-0.933913843746142
5.29822506749612,0.248259978868411,-0.885462698472562
5.32209101104356,0.489284508606403,-0.829190076668235
5.34226900973444,0.72893753955842,-0.766026593538662
5.35996281892418,0.96710587775048,-0.696785388636358
5.37625776109155,1.20371873361422,-0.62208383468482
5.39219779113113,1.43886224032225,-0.542812177962323
5.40862976269353,1.67261057917556,-0.459615606240129
5.42630738126399,1.90504006576075,-0.373050269282881
5.44587328350917,2.13622669796468,-0.283613196782936
5.46786577558502,2.36623499837988,-0.191738007598976
5.49271854780324,2.59511397645191,-0.0977980252533635
5.52080043290809,2.82289314439842,-0.00211403891463306
5.55242582212678,3.04958719973483,0.0950276306723229
5.58784561739392,3.27520068886932,0.193366674336335
5.62720449685711,3.49973442132297,0.29267547591674
5.67057801375026,3.72318039635473,0.392763305934375
5.71808109793257,3.94550579670852,0.493470997652205
5.76985302300068,4.16665624897499,0.594662553868084
5.82598268283192,4.38657705958547,0.696214614251527
5.88639085426029,4.60523962760596,0.79803939481733
5.95053291264575,4.82275103297188,0.900044062061108
6.01874200856684,5.0389622663925,1.002179353942
6.0901926572797,5.25410129541339,1.10436175601002
6.16522223874191,5.46802498198614,1.20652904224078
6.24315415782128,5.68094389721839,1.30862400276122
6.32432763125679,5.89272386416703,1.41055651829711
6.40726396161908,6.10388179346492,1.51236558977895
6.49287667949516,6.31409050534611,1.61392086513746
6.58080400696275,6.52347594837962,1.71519806759185
6.67072973478406,6.73213655400489,1.81621898426409
6.76283138009827,6.93998444463635,1.91694970802032
6.8569418052445,7.14706529568844,2.01740532352872
6.9529816386199,7.35339187362938,2.11758917563972
7.05103383765323,7.55891042515197,2.21748034204718
7.15095504934547,7.76366355430122,2.31709336031061
7.2527109349944,7.96764855218223,2.41642626473451
7.35633459799293,8.17083330660211,2.51546621996538
7.46183854644959,8.37319475124706,2.61420394281726
7.56881732367389,8.5749005364477,2.71270050783468
7.67788228596385,8.77565597393059,2.81084662468468
7.78862845228377,8.97563238155297,2.90870487200212
7.90073103019998,9.1749654000699,3.00632502469884
8.0140711025171,9.37370589555183,3.10372581252562
8.12946919877671,9.5714436503789,3.20075484092815
8.24604114793121,9.76859511671771,3.29756607040471
8.36450441941511,9.96479376633316,3.394023915371
8.48296769089902,10.1609924159486,3.49048176033728
8.60417458787752,10.3557689703918,3.58641148527738
8.72539334679515,10.5505393764716,3.68233892691475
8.84847512989814,10.7443124044366,3.77789724448021
8.97331920964097,10.9371345589833,3.87310384795067
9.09960133897553,11.1291648903544,3.96801791525045
9.22621159233901,11.3210123843751,4.06286457249599
9.35330134214902,11.5125914349103,4.15761284713145
9.48039109195902,11.7041704854455,4.2523611217669
9.61387247940772,11.8919760527394,4.34584801995473
9.74919626811586,12.0786396321736,4.43896096402368
9.88729006295971,12.2635635228845,4.53150733687051
10.0253838578035,12.4484874135954,4.62405370971735
10.1634776526474,12.6334113043063,4.71660008256418
10.3015714474912,12.8183351950172,4.80914645541101
10.4396652423351,13.0032590857281,4.90169282825785
10.5777590371789,13.188182976439,4.99423920110468
10.7158528320228,13.3731068671499,5.08678557395151
10.8539466268666,13.5580307578608,5.17933194679834
10.9920404217104,13.7429546485717,5.27187831964518
11.1301342165543,13.9278785392826,5.36442469249201
11.2682280113981,14.1128024299935,5.45697106533884
11.406321806242,14.2977263207044,5.54951743818568
11.5444156010858,14.4826502114153,5.64206381103251
11.6825093959296,14.6675741021262,5.73461018387934
11.8206031907735,14.8524979928371,5.82715655672617
11.9586969856173,15.037421883548,5.91970292957301
12.0967907804612,15.2223457742589,6.01224930241984
12.234884575305,15.4072696649698,6.10479567526667
12.3729783701488,15.5921935556807,6.19734204811351
12.5110721649927,15.7771174463916,6.28988842096034
12.6491659598365,15.9620413371025,6.38243479380717
12.7872597546804,16.1469652278134,6.47498116665401
12.9253535495242,16.3318891185243,6.56752753950084
13.063447344368,16.5168130092352,6.66007391234767
13.2015411392119,16.7017368999461,6.75262028519451
13.3396349340557,16.886660790657,6.84516665804134
13.4777287288996,17.0715846813678,6.93771303088817
13.6158225237434,17.2565085720788,7.03025940373501
13.7539163185873,17.4414324627896,7.12280577658184
13.8920101134311,17.6263563535005,7.21535214942867
14.0301039082749,17.8112802442114,7.30789852227551
14.1681977031188,17.9962041349223,7.40044489512234
14.3062914979626,18.1811280256332,7.49299126796917
-5.56283042452285,-2.34204293547145,-2.08923896289752
-5.42890686316577,-2.25164839437043,-2.01878778842638
-5.2949833018087,-2.16125385326941,-1.94833661395525
-5.16106001998842,-2.07086003023736,-1.87788398683427
-5.02713555807536,-1.98048519909541,-1.80740924316157
-4.8932081858568,-1.89013375111675,-1.73691005384015
-4.75927533441784,-1.79982403861874,-1.66636781106906
-4.62533383423586,-1.70957755963446,-1.59576110831835
-4.49138323367821,-1.61939661935545,-1.52508795080395
-4.3574256749955,-1.52926540062041,-1.45436459543309
-4.22345306529031,-1.43924133292768,-1.38353335150434
-4.08946607881024,-1.3493182350187,-1.31260113371185
-3.95545821214839,-1.25952051365964,-1.24154965466133
-3.82141651760398,-1.16988889329595,-1.17035245312576
-3.68732816772991,-1.08046419195835,-1.0989831598764
-3.55318106448746,-0.991282190567958,-1.02742090596653
-3.41895624653958,-0.902382763980479,-0.955653125999493
-3.28462735210941,-0.813806499610474,-0.883680827452529
-3.15017110518217,-0.725592521706444,-0.811501724011379
-3.0155817369895,-0.637776959177441,-0.739085341695162
-2.88086857259269,-0.550389553082988,-0.666381799627852
-2.7460430213867,-0.463448384100876,-0.593352288604776
-2.61110317039186,-0.376967066438593,-0.519988579547411
-2.47603781877555,-0.290950999363537,-0.446309407391971
-2.34082530583931,-0.205383902564466,-0.372377682639774
-2.20544143108897,-0.12022311178356,-0.298290521113985
-2.06984960662808,-0.0353744171087119,-0.224225580515514
-1.93400733373461,0.0493123330731246,-0.150434799142203
-1.79783404322935,0.133980835097085,-0.0772359469818024
-1.66123354711984,0.218793406021215,-0.00500752041508355
-1.52409813865559,0.303939077537892,0.0657984841041321
-1.38631945691937,0.389635695940568,0.134658824823206
-1.24779729588805,0.476110341161499,0.201000547179451
-1.10843855990431,0.563582630788029,0.264196403404274
-0.968160706414254,0.652256331454561,0.323553939368643
-0.826902282731043,0.742319366917093,0.378298625139336
-0.684631878513681,0.833937364157353,0.427547556628651
-0.541354718592193,0.927225269286715,0.470290286189668
-0.39712743944862,1.02221383871578,0.505372234492457
-0.25208243369771,1.11881819217794,0.531459290219986
-0.106460280771548,1.21678183186052,0.547013338507035
0.0393396980910722,1.31560814021681,0.550266308630375
0.184681030071532,1.41447915324654,0.539229259550644
0.328605976386231,1.51214215223647,0.511778456934364
0.469765367620838,1.6067847288144,0.465830543723497
0.60639087018917,1.69596758610635,0.399661734702455
0.73558665156363,1.77571192025537,0.310587072701337
0.854372240404974,1.84194843787161,0.198934952729952
0.961109249600436,1.89241513341827,0.0685449566056069
1.05436017154445,1.92508108758884,-0.0770822768424845
1.13252847554452,1.93746368677415,-0.234336618334221
1.19738674419987,1.93110687225146,-0.397922993270237
1.25183229015399,1.9087168648271,-0.563891110613941
1.29809546823589,1.87181944529945,-0.729790483653561
1.33840912395575,1.82177730924053,-0.893833881109964
1.37491573888918,1.75973253791787,-1.05467810285969
1.40962294533017,1.68604209299594,-1.21095827145508
1.44462819133013,1.60165605030824,-1.36165150615144
1.48168914342031,1.50757325156613,-1.50594782207442
1.52234477255853,1.4043107668419,-1.64277960440647
1.56791216817906,1.2924343921729,-1.77100189286636
1.6194530394266,1.17266089302403,-1.88945398011924
1.67770278985784,1.04591626084395,-1.99707683316887
1.743253847537,0.913126213182253,-2.09255465676016
1.81618249343991,0.775581967189822,-2.17507081781724
1.89546835671886,0.635064300096022,-2.24585224154816
1.98058366058496,0.492812793808628,-2.30552007495088
2.07116416003889,0.349873383682835,-2.35460929811238
2.1667654990809,0.207174244295178,-2.39399924664698
2.26727006997028,0.0655684187775397,-2.42412629200099
2.37212967672038,-0.074335583198086,-2.44629936686065
2.48127835394961,-0.211924317456658,-2.46104554070708
2.5942517709929,-0.346927742219153,-2.46964351940707
2.71097811024701,-0.478941097198989,-2.47270130896218
2.83132071132299,-0.607685538675077,-2.47096949814055
2.95522925555746,-0.73289601494611,-2.4650940515818
3.08269753287242,-0.854259230751221,-2.45565716606128
3.21360677074066,-0.971623491013099,-2.44326964985762
3.34789897057895,-1.08478285026893,-2.42830383479572
3.48540580172377,-1.19369351691794,-2.41110453671497
3.6260358138727,-1.29819791769008,-2.39194635942798
3.76969256137224,-1.39817086766721,-2.37111509531995
3.91621146268259,-1.49360296358913,-2.34892439641928
4.06577357816045,-1.5838851634333,-2.32554731897209
4.2174750278038,-1.67033647443897,-2.30143614501819
4.37178752011753,-1.75178368857561,-2.276472538579
4.52826782722281,-1.82876654252327,-2.25083930718114
4.68669013729011,-1.90146871651878,-2.22464709157715
4.8468583239243,-1.97006418821073,-2.19799954347188
5.00848725424389,-2.03500592938644,-2.17101637536408
5.17158409827453,-2.09603589090654,-2.14375684968175
5.33609352010834,-2.15307070149068,-2.11631006125043
5.50135042799081,-2.20785687853494,-2.08880460164696
5.66791438218771,-2.25851238094461,-2.06124328817498
5.83520496120025,-2.30669669913026,-2.03366603249427
6.00345788423105,-2.35140424522537,-2.00607735061863
6.17263991570699,-2.39246589533068,-1.97849197371709
6.34217693802841,-2.43201475637826,-1.95091369333216
6.51262971283013,-2.46746472125141,-1.92336387332011
6.68344924369256,-2.50110070647628,-1.89583417348291
6.85481012615476,-2.53191185537333,-1.86834191894588
7.02663666001152,-2.56004350995799,-1.84089496829861
7.19888363636965,-2.58554154170109,-1.81350073410319
7.37152832739965,-2.60825866183098,-1.78617239993916
7.54431492530142,-2.6299261014764,-1.75887084363674
7.71747021011901,-2.64850780375542,-1.73165935577369
7.89090610218163,-2.66442283137724,-1.70453529986255
8.06447889956052,-2.6788968459469,-1.6774616775079
8.23813157478203,-2.69240117050073,-1.65042594740686
8.41194287035326,-2.70392373413564,-1.62346895884331
8.58587337791099,-2.71369490627773,-1.59658586936259
8.75997244299689,-2.72030076956956,-1.56985423842688
8.93410962152261,-2.72611667264493,-1.54316192383433
9.10824680004833,-2.7319325757203,-1.51646960924178
9.28249987302389,-2.73400306336375,-1.48998902634234
9.456757278729,-2.73591492159909,-1.4635175898569
9.63103436024311,-2.73661587742375,-1.43712278630618
9.80532033224143,-2.73667561939862,-1.41077022044846
9.97961403152184,-2.73467179080517,-1.38456410762726
10.1539028567841,-2.73103472855828,-1.35848342940051
10.3281913192066,-2.72734619278959,-1.33240685174797
10.5024755686514,-2.72334185580447,-1.30635861845809
10.676730559989,-2.71733470696582,-1.28049082479399
10.8509707299716,-2.71065910802433,-1.25469027747306
11.0252036234293,-2.70365962495199,-1.2289227124758
11.1994365168869,-2.69666014187966,-1.20315514747855
11.3736270171407,-2.68812018642369,-1.1775884635413
11.5477974233858,-2.67885006049507,-1.15211699547424
11.7219678296308,-2.66957993456646,-1.12664552740719
11.8961309987067,-2.66007368445298,-1.10121585925873
12.0702671255386,-2.64968513801122,-1.0759423797477
12.2444032523705,-2.63929659156946,-1.05066890023667
12.4185384830024,-2.62870387013902,-1.0254755070535
12.5926724098732,-2.61781412196902,-1.00039862070109
12.766806336744,-2.60692437379903,-0.975321734348682
12.9409402636148,-2.59603462562903,-0.950244847996272
13.1150741904856,-2.58514487745904,-0.925167961643861
13.2892439430143,-2.57450322622071,-0.900236590805015
13.463473671788,-2.56427691759463,-0.875548829563123
13.6377388744287,-2.55442974635106,-0.850957611775814
13.812005388828,-2.54459659491407,-0.826369963988782
13.9862720194019,-2.53476470118084,-0.801782636652499
14.1605386700498,-2.52493302476861,-0.777195364687505
14.3348053206977,-2.51510134835639,-0.752608092722511
14.5090719713456,-2.50526967194417,-0.728020820757518
14.6833386219934,-2.49543799553194,-0.703433548792524
14.8576052726413,-2.48560631911972,-0.67884627682753
15.0318719232892,-2.4757746427075,-0.654259004862537
15.2061385739371,-2.46594296629527,-0.629671732897543
15.380405224585,-2.45611128988305,-0.605084460932549
-5.78973593630018,-2.57329688527187,-0.857730713421026
-5.6578448301647,-2.46701061878371,-0.840321809825354
-5.52596080641777,-2.36071450934984,-0.822919349902451
-5.39408125340251,-2.25441255741239,-0.805518696642155
-5.26218945732655,-2.14812848666138,-0.788101618789041
-5.13028020862889,-2.04186960951223,-0.770663005303238
-4.99832927431483,-1.93567068929355,-0.753174606418769
-4.8663444782064,-1.82952041994067,-0.735646414762762
-4.73429363447275,-1.72346507245882,-0.718041248236408
-4.60216741504109,-1.61751818785092,-0.700348821205731
-4.46997797358752,-1.51166242073053,-0.682583410881806
-4.33768954015301,-1.40594961595132,-0.664703920502122
-4.20529410543003,-1.30039175776259,-0.646701415916957
-4.0727761324383,-1.19501105150516,-0.62856317781616
-3.94010406429255,-1.0898511185622,-0.610270743764402
-3.80723742968617,-0.984969205073098,-0.591795214297536
-3.67415822250518,-0.88039379576275,-0.573113391668106
-3.54084953560977,-0.776152679077766,-0.554200790190903
-3.40729832109542,-0.672270858588736,-0.535024125051935
-3.27350160696719,-0.568763492270813,-0.515536471792239
-3.13946777760669,-0.465631314848627,-0.495692319170504
-3.00521061579179,-0.362867744522508,-0.475449678676194
-2.87074990877001,-0.260455379984109,-0.45478267030527
-2.736113235028,-0.158365430458303,-0.433670922865766
-2.60134136876453,-0.05655574511046,-0.412073991600176
-2.46648068925071,0.0450235679812444,-0.389953117080956
-2.33158059328423,0.146429825177109,-0.367285402328865
-2.19669851829735,0.24773110528691,-0.344048295002314
-2.06188672726894,0.348990069478356,-0.32022634748765
-1.92718842181292,0.450261980828961,-0.295824626035368
-1.79265388573647,0.551614809743878,-0.270861951024518
-1.65833842891367,0.653126271785205,-0.245369852122967
-1.5243021029313,0.754873735016455,-0.219355070607008
-1.39061165117967,0.856930968455325,-0.192780499078348
-1.25733006432573,0.959370431365598,-0.165629678146111
-1.12450334625483,1.06225684805002,-0.137945404747963
-0.992159118356607,1.16563885825024,-0.109800736980219
-0.860300945991803,1.26954697409691,-0.0813141395393801
-0.728901299190129,1.373989174812,-0.0526621187792045
-0.597906768405258,1.47895548918528,-0.0240702992264748
-0.467242951432292,1.58441914619405,0.00420238815441937
-0.336819941712254,1.69033669615717,0.0318827281665325
-0.206533851740793,1.79664666321272,0.0586874388851999
-0.0762601701074292,1.90326573856406,0.0842938301792123
0.0541477793489731,2.01008793574355,0.108315115087532
0.184846477290528,2.116986877264,0.130323945734939
0.315993503782787,2.22381227148813,0.149880137961398
0.447751682336564,2.33037840004251,0.166520485335292
0.580289781511362,2.43645460523306,0.179742912297912
0.713780271360888,2.54175430624975,0.188989865811022
0.84839274139585,2.6459220545203,0.193635386129837
0.984279203589658,2.74852233550414,0.192987592901885
1.12156301558597,2.84901710177173,0.186293968350431
1.26031989245271,2.94674505483712,0.172739926801501
1.4005562652335,3.04089512142965,0.151464213309204
1.54218074277672,3.13047521447739,0.121562126734689
1.68496525293366,3.21428837072095,0.0821184303481222
1.82849564489132,3.29093502590955,0.0322759234873135
1.97212401037713,3.35884147996974,-0.0286840254205811
2.1149441563485,3.41632703750198,-0.101218647282151
2.25538518739898,3.45986082373441,-0.186871920056418
2.39212900516335,3.48889301773818,-0.283817709765322
2.52392878127103,3.50272239616391,-0.390469048041224
2.64952551564183,3.50050861301692,-0.505237337585846
2.76708055056291,3.48006967932938,-0.62656988135576
2.87751995858191,3.4447442450185,-0.751094303388792
2.98116324458711,3.39556255631033,-0.87679153196978
3.07842413016331,3.33320428394502,-1.00178611157387
3.16991950261932,3.25826166368206,-1.12421739385727
3.25722280606515,3.17324433980002,-1.24306115004062
3.34123090519391,3.07914953441895,-1.35735983453303
3.42281737210081,2.97692278235742,-1.46632545541238
3.50273863622972,2.86743987049986,-1.56934444775992
3.58158603229527,2.75091946829597,-1.66523138900345
3.6600063158034,2.62893922960448,-1.75442799849767
3.73829017179724,2.50228335889377,-1.83697269807427
3.81664145116477,2.37166486491873,-1.91302514310191
3.89527418087808,2.23772177918662,-1.98274655837981
3.97440382046826,2.10103887695157,-2.04633067615441
4.05422573681405,1.96212193125291,-2.10393812304237
4.13490009881787,1.82144685925792,-2.15582393655689
4.21642213763489,1.67960321852075,-2.20303069353538
4.29915142234158,1.53676597112852,-2.24480677867006
4.38297968901974,1.39342500873133,-2.28250442599642
4.46853497538479,1.2498281404774,-2.3149782833827
4.55519181866591,1.1062878888471,-2.34463627892657
4.64378008183551,0.963101815400439,-2.37001441532054
4.73417638927971,0.820494825022586,-2.3920472253845
4.8267568188455,0.678797109555923,-2.41061822356987
4.92149086018306,0.538175432774799,-2.42629295957214
5.01822253550887,0.398678390329837,-2.43958026238235
5.11747628309405,0.260728957765156,-2.45015585207504
5.21973181123915,0.124784435107864,-2.4577545908387
5.32335062044178,-0.0101838200079881,-2.46403895616681
5.42962414083029,-0.143171802295367,-2.46783486592536
5.53797518291796,-0.274515321302664,-2.46978006283751
5.64838553716013,-0.404145938591658,-2.46998293318032
5.76070679883222,-0.53211809152166,-2.46866683731681
5.87511091304134,-0.658206350716898,-2.46582149210968
5.9909341979504,-0.782967595349169,-2.46201227715931
6.10869522419028,-0.905859178809349,-2.45700192080406
6.22817353226065,-1.0270392599285,-2.45105116958455
6.34929899903763,-1.14652593585911,-2.44422978635159
6.47205582146878,-1.2642821005767,-2.43653556534896
6.59614466359306,-1.38058346061353,-2.4281198841507
6.72167438435464,-1.49526768500769,-2.41891469955101
6.84868795140322,-1.60823493413731,-2.40888590315924
6.97684823440195,-1.71984071535721,-2.398213625355
7.10637165131672,-1.82978251154029,-2.3867673097393
7.23699363392656,-1.93834837012092,-2.37469037868826
7.36859608933286,-2.04566072754406,-2.36204564541892
7.50138553943697,-2.15141146969289,-2.34870510996071
7.6351740569338,-2.25582054805168,-2.33477415905916
7.76981885151546,-2.35905330520436,-2.32033234709511
7.90558638549358,-2.46070803032974,-2.30521488062592
8.04195648987508,-2.56149131020726,-2.28973058576652
8.17953177093271,-2.66050665425225,-2.27350973102339
8.31763406355939,-2.75873673985702,-2.25696550814777
8.45635771394473,-2.8560175266552,-2.24003521302587
8.59538257290432,-2.95283789665743,-2.22291771317567
8.73529461366422,-3.0482527592463,-2.20524570334881
8.87619762398189,-3.14209768987831,-2.18695431369906
9.01710063429955,-3.23594262051031,-2.16866292404931
9.15800364461722,-3.32978755114232,-2.15037153439957
9.30004940676264,-3.42174659944845,-2.13136032287485
9.44245552672962,-3.51310006291746,-2.11212424060958
9.58554282509401,-3.60328943361561,-2.09246809670534
9.72889000632155,-3.69303360988996,-2.07265212546534
9.87256306978281,-3.78220778453121,-2.05263740177614
10.0166048811594,-3.87073698104172,-2.03239778226959
10.1606466925361,-3.95926617755223,-2.01215816276304
10.3053576248838,-4.04662295743285,-1.9916068557187
10.4501686426654,-4.13380437017938,-1.97100892723548
10.594979660447,-4.2209857829259,-1.95041099875227
10.7397906782286,-4.30816719567243,-1.92981307026905
10.8846016960102,-4.39534860841895,-1.90921514178584
11.0294127137919,-4.48253002116548,-1.88861721330262
11.1742237315735,-4.569711433912,-1.86801928481941
11.3193677159816,-4.65631505655749,-1.84733149101669
11.4645543692916,-4.74286293173667,-1.82670715994184
11.6096531249025,-4.82958570341084,-1.80619822894739
11.7547518805135,-4.91630847508501,-1.78568929795294
11.8998506361244,-5.00303124675917,-1.76518036695849
12.0449493917353,-5.08975401843334,-1.74467143596404
12.1900481473463,-5.17647679010751,-1.7241625049696
12.3351469029572,-5.26319956178167,-1.70365357397515
12.4802456585681,-5.34992233345584,-1.6831446429807
12.625344414179,-5.43664510513001,-1.66263571198625
12.77044316979,-5.52336787680418,-1.6421267809918
12.9155419254009,-5.61009064847834,-1.62161784999735
